{"status":200,"code":"common.success.00001","message":"성공","data":{"C0101":2333199303825072.88,"C0102":431032714248902.722,"C0105":2002376649803.85368,"C0106":132790107668758.6264,"C0107":13755436906584.7274,"C0110":144818058523.4320868,"C0112":206152917868.522194,"C0115":62472683612.081790,"C0117":46619568729485.2418,"C0118":96644526100.7987292,"C0123":43666310526.9807270,"C0124":197193423897.449004,"C0126":121243984837.6005190,"C0129":46207663579.6355064,"C0130":55086192684.4122850,"C0138":47648906494.3098462,"C0141":140663565185.934684,"C0147":71530024474.0129274,"C0150":13651929648799.78894,"C0153":230648666347.141456,"C0156":318567087538.60538,"C0159":46421798064.1150836,"C0161":79289537836.4531948,"C0168":10243257360494.26646,"C0183":167158142882.893284,"C0190":924000048660.962242,"C0192":40112907753.5301144,"C0202":53376496713.9226574,"C0223":12940680553.50206892,"C0224":483273231983.915484,"C0234":58378186118.5974730,"C0236":127732570793.0501870,"C0239":75615893112.4944212,"C0244":4573325259271.93412,"C0246":30608868795.5841782,"C0247":27310022169.0581188,"C0255":22345565742.0236436,"C0272":7752468602.57649322,"C0279":9109322236.88146124,"C0283":13463686136.4587752,"C0288":49474788120.6601370,"C0289":101370120452.1584898,"C0293":3916744969.22543334,"C0294":59825796122.0318598,"C0295":22239934553.5331354,"C0299":116731930432.8330242,"C0301":110040453965.358232,"C0305":40798189917.7800786,"C0312":3212792559155.68284,"C0313":150244379383.287608,"C0314":65154119861.1559684,"C0315":2160793104858.94588,"C0316":343458896133.576836,"C0319":165351490421.550138,"C0320":98499644760.994512,"C0323":58971913962.7517176,"C0325":4296217908.94062068,"C0326":338989264709.649432,"C0331":145243942986.7773284,"C0336":13053228788.33641774,"C0338":5946669603.38221074,"C0340":4579443633.04787234,"C0343":4108997824.98316368,"C0350":8837251863.65634652,"C0352":36934776113.8280306,"C0354":6568628041.1779154,"C0360":403402151562.479390,"C0368":4726205188.77130828,"C0372":152948296832.704808,"C0377":2199886204.51211058,"C0380":14528840845.37733452,"C0402":30049387315.2080226,"C0403":21341277527.8633954,"C0409":3054110997.76453188,"C0412":45484378353.5800502,"C0413":271007678533.214470,"C0414":157753046457.796112,"C0417":95733616996.4740710,"C0421":57976029568.5877598,"C0422":30802252165.2562852,"C0441":35287709586.6111338,"C0443":22167942352.1002662,"C0445":22887384529.4476966,"C0447":62023161671.8230928,"C0449":763615694552.159924,"C0450":52241132079.7613930,"C0451":64915634470.5136724,"C0456":6943996857.84025312,"C0457":712513916247.775996,"C0463":281216658368.707562,"C0465":14372929995.51800844,"C0474":11182300495.43333642,"C0475":7930404247701.8574,"C0476":5435048361617.67228,"C0480":1474903651627.679804,"C0487":53029437059.5540188,"C0488":93742448128.894510,"C0504":8765048214931.1154,"C0532":114162496402.461670,"C0537":24945356373.8201636,"C0538":453366648440.889014,"C0541":55975934710.2281324,"C0542":1381107656527.748996,"C0544":1021367422562.194686,"C0545":603942421269.028374,"C0549":42096761067.8400088,"C0551":3231065003889.81232,"C0553":1401998970635.413710,"C0556":3831666899.04894936,"C0565":22317790656464.4070,"C0567":129608029354.4093076,"C0568":42351096070.0522168,"C0570":129763805161462.7570,"C0571":489775599198.40210,"C0572":537884584950.011092,"C0577":214626252157.714998,"C0587":75808246179058.7384,"C0589":186581971535.971958,"C0593":71162131056.8456154,"C0597":31991007399.6766056,"C0598":34575456416.7933818,"C0606":202399497799.820310,"C0607":522009908664.198972,"C0608":17915793297.3875570,"C0610":171762357517.226682,"C0611":114455125129.9172534,"C0615":29562459302.5425518,"C0616":230586891844.092390,"C0620":355302764003.397562,"C0622":475771064679.620906,"C0625":419035148922.912376,"C0630":92700926590.7096924,"C0633":69642658839.6448284,"C0635":6098877357464.6568,"C0636":0.0,"C0637":5851812751472.33298,"C0638":3608114601.19364256,"C0642":3146759412.45994258,"C0647":1222575372.003702510,"C0651":4594734767.59584922,"C0654":104683739111.988638,"C0658":16303546766.9782098,"C0661":53988726318.1356770,"C0662":4437763436.33900568,"C0664":10470400674.46089592,"C0665":115214148504.8114346,"C0666":4848901742.18667226,"C0670":4017840280.30613306,"C0671":263816164322.576298,"C0679":868672267.996759156,"C0682":2460332043.85604112,"C0685":1027700232896.759952,"C0687":231187872586.681146,"C0689":3848780701.12957074,"C0690":3312806220.18679764,"C0692":8266499121.70355422,"C0698":4249867898.58963442,"C0699":24543679020.0211802,"C0702":1156549944316.772744,"C0703":129716757238.8307444,"C0709":3602797464.53154794,"C0711":4992307261.4949804,"C0712":396557049761.212470,"C0714":4627431965.93518764,"C0717":104530635337.3721822,"C0719":619507945062.559870,"C0720":17261749732.1787186,"C0722":16547263230.0885642,"C0723":1133761347800.99412,"C0726":492508796516.08578,"C0727":17368028386.09778,"C0728":62971811273.9628336,"C0733":521602627130.333768,"C0735":465276143312.978654,"C0736":12831475441.62535874,"C0738":64237992850.4904148,"C0739":76255049293.8554250,"C0741":489781421125.220356,"C0743":189243621711.772030,"C0744":717471582894.724998,"C0745":5677399495788.10214,"C0748":19516206615.9236094,"C0754":473760547238.378124,"C0757":65923713960.4321294,"C0758":1413072223390.525568,"C0762":36987772736.7552166,"C0763":1084861527997.251062,"C0767":50479579348.6526,"C0768":21234754686.6260868,"C0770":602096930.700704052,"C0771":7744675266.10687942,"C0773":44582660350.8522666,"C0777":29349333501.7972068,"C0784":106812439243.0721804,"C0786":1305588363426.246698,"C0788":40901907445.1475996,"C0789":37983737625.3989718,"C0790":202138229399.880348,"C0791":144854216597.874938,"C0793":54176314660.760106,"C0794":632535600243.081474,"C0796":95599965720.2747552,"C0797":18905625306.1967898,"C0801":2403918989538.43078,"C0803":53212124863.0161830,"C0805":41381008979.3598656,"C0813":18763865913.372848,"C0814":67212004702.7926056,"C0815":31685841030.2158854,"C0817":329067119127.118544,"C0828":37145993563.2804204,"C0829":63605658190.9420962,"C0832":40486097261.7142576,"C0833":3713131732.77280744,"C0834":3110006664101.53718,"C0836":13255282510.73712658,"C0838":38903232367.1602830,"C0845":513409620352.659892,"C0847":2077728442256.96666,"C0850":2913678047.5201026,"C0852":300336314152.996504,"C0853":163175478483.430716,"C0855":44708985870.4349892,"C0856":109658080491.2106196,"C0858":49522907107.5782798,"C0860":43793449750.8229210,"C0861":19048522145.7074030,"C0862":95835320112.2704810,"C0864":31620387258.2359662,"C0865":48981867990.4853576,"C0866":278745789236109.174,"C0868":115231056500984.9278,"C0869":22185395586.7079642,"C0871":44789495648.6722698,"C0874":17674950227.5219654,"C0875":16645839141.6719964,"C0877":65874748781.6608406,"C0878":41760620354.9963108,"C0879":407283053850.242124,"C0880":45347032511.3407406,"C0883":206500551805.318456,"C0886":155113813229.190536,"C0887":40197040548.2646728,"C0888":235858110385.675622,"C0889":937048433727.532828,"C0891":357404907204.395142,"C0892":80276663416.8722336,"C0894":218012463622.691710,"C0901":840393399861.990314,"C0902":31854555717.1178672,"C0903":119534736591.4463022,"C0904":241180641072.051224,"C0907":1928413865082.25616,"C0908":66746245595.2732494,"C0909":3980371050488.80356,"C0910":2715443158540.60464,"C0911":110819913757.112074,"C0917":43093317945.0798504,"C0918":30358297002.1778972,"C0923":111205472067.0408176,"C0925":79221892861.681568,"C0926":89748144322.8017394,"C0928":40562362736.3385514,"C0929":42557408658.9120518,"C0931":45650236299.759808,"C0933":1428215441374.275012,"C0934":81786673313.0437492,"C0935":576806627926.38492,"C0937":80889840672.5127328,"C0938":758053969200.436428,"C0940":56876179734.9819878,"C0942":45404347489.6347518,"C0943":33871673627.4003372,"C0947":109453913323.8155174,"C0949":173106939180.592698,"C0952":81389102959.7305462,"C0953":23004086418.8078436,"C0954":5060910246127.67090,"C0955":59679672267.9348032,"C0957":42475490517.6879248,"C0958":49919085648.6536586,"C0959":192613812864.712334,"C0961":210958409458.213344,